<PAMDataset>
  <PAMRasterBand band="1">
    <Description>Layer_1</Description>
    <ColorInterp>Gray</ColorInterp>
    <Metadata>
      <MDI key="COLOR_TABLE_RULES_COUNT">13</MDI>
      <MDI key="COLOR_TABLE_RULE_RGB_0">0.000000e+00 1.000000e+00 75 160 215 1 100 0</MDI>
      <MDI key="COLOR_TABLE_RULE_RGB_1">1.000000e+00 2.000000e+00 1 100 0 1 130 0</MDI>
      <MDI key="COLOR_TABLE_RULE_RGB_10">1.000000e+01 1.100000e+01 140 72 9 247 165 255</MDI>
      <MDI key="COLOR_TABLE_RULE_RGB_11">1.100000e+01 1.200000e+01 247 165 255 255 199 174</MDI>
      <MDI key="COLOR_TABLE_RULE_RGB_12">1.200000e+01 1.300000e+01 255 199 174 0 255 255</MDI>
      <MDI key="COLOR_TABLE_RULE_RGB_2">2.000000e+00 3.000000e+00 1 130 0 151 191 71</MDI>
      <MDI key="COLOR_TABLE_RULE_RGB_3">3.000000e+00 4.000000e+00 151 191 71 2 220 0</MDI>
      <MDI key="COLOR_TABLE_RULE_RGB_4">4.000000e+00 5.000000e+00 2 220 0 0 255 0</MDI>
      <MDI key="COLOR_TABLE_RULE_RGB_5">5.000000e+00 6.000000e+00 0 255 0 146 174 47</MDI>
      <MDI key="COLOR_TABLE_RULE_RGB_6">6.000000e+00 7.000000e+00 146 174 47 220 206 0</MDI>
      <MDI key="COLOR_TABLE_RULE_RGB_7">7.000000e+00 8.000000e+00 220 206 0 255 173 0</MDI>
      <MDI key="COLOR_TABLE_RULE_RGB_8">8.000000e+00 9.000000e+00 255 173 0 255 251 195</MDI>
      <MDI key="COLOR_TABLE_RULE_RGB_9">9.000000e+00 1.000000e+01 255 251 195 140 72 9</MDI>
      <MDI key="LAYER_TYPE">athematic</MDI>
      <MDI key="STATISTICS_APPROXIMATE">YES</MDI>
      <MDI key="STATISTICS_MAXIMUM">12</MDI>
      <MDI key="STATISTICS_MEAN">1.3375102946559</MDI>
      <MDI key="STATISTICS_MINIMUM">0</MDI>
      <MDI key="STATISTICS_STDDEV">3.0397161200567</MDI>
      <MDI key="STATISTICS_VALID_PERCENT">100</MDI>
    </Metadata>
  </PAMRasterBand>
</PAMDataset>
